id,deck_id,de,en,example,tags,notes,box,ease,interval_days,reps,lapses,due_date,created_at,updated_at
7da3d820-8abb-4d49-9577-19e9c2bee4af,de529199-d8a0-407d-a8b1-731d7cb2d4ac,die Miete,rent,Die Miete für diese Wohnung ist sehr hoch.,,,2,2.5,2,1,0,2025-09-09,2025-09-07T16:04:08.304870,2025-09-07T16:04:27.036305
0823db17-56a6-4310-9d89-7d1b138a74b7,de529199-d8a0-407d-a8b1-731d7cb2d4ac,sich beschäftigen,to be busy with,Ich muss mich mit meiner Arbeit beschäftigen.,,,1,2.5,1,0,0,2025-09-07,2025-09-07T16:04:08.305754,2025-09-07T16:04:08.305758
5cdecb03-84d2-461e-bd25-ddd63d7d579c,de529199-d8a0-407d-a8b1-731d7cb2d4ac,der Vordergrund,foreground,Im Vordergrund des Bildes steht ein Baum.,,,2,2.5,2,1,0,2025-09-09,2025-09-07T16:04:08.306511,2025-09-07T16:06:25.388009
0e08761e-adcc-4403-9486-d727401b86cb,de529199-d8a0-407d-a8b1-731d7cb2d4ac,der Hintergrund,background,Im Hintergrund kann man die Berge sehen.,,,1,2.5,1,0,0,2025-09-07,2025-09-07T16:04:08.307206,2025-09-07T16:04:08.307209
b44a600e-6b12-440c-9842-b7522b9534ef,de529199-d8a0-407d-a8b1-731d7cb2d4ac,der Alltag,everyday life,Mein Alltag ist oft sehr hektisch.,,,2,2.5,2,1,0,2025-09-09,2025-09-07T16:04:08.307873,2025-09-07T16:06:33.433641
98ef27e4-7c4b-44f2-9db0-37aaff44694d,de529199-d8a0-407d-a8b1-731d7cb2d4ac,schaden,to harm,Rauchen schadet der Gesundheit.,,,1,2.5,1,0,0,2025-09-07,2025-09-07T16:04:08.308362,2025-09-07T16:04:08.308363
8fd6f6d8-289c-4551-b13e-f5ee823a0d30,de529199-d8a0-407d-a8b1-731d7cb2d4ac,der Teller,plate,Der Teller ist leer.,,,1,2.3,1,1,0,2025-09-08,2025-09-07T16:04:08.308760,2025-09-07T16:06:36.804351
cb9110c1-e826-4b84-8cf9-fcd4c950967e,de529199-d8a0-407d-a8b1-731d7cb2d4ac,das Geschirr,dishes,Nach dem Essen müssen wir das Geschirr spülen.,,,1,2.5,1,0,0,2025-09-07,2025-09-07T16:04:08.309121,2025-09-07T16:04:08.309123
081131cf-29a3-4e2c-917a-7a8024992c42,de529199-d8a0-407d-a8b1-731d7cb2d4ac,das Selbstgefühl,self-esteem,Ein Lob kann das Selbstgefühl stärken.,,,1,2.5,1,0,0,2025-09-07,2025-09-07T16:04:08.309445,2025-09-07T16:04:08.309446
a5d955d7-6435-4eb0-b0c1-0666196273a1,de529199-d8a0-407d-a8b1-731d7cb2d4ac,verbringen,to spend time,Wir verbringen unseren Urlaub am Meer.,,,1,2.5,1,0,0,2025-09-07,2025-09-07T16:04:08.309837,2025-09-07T16:04:08.309839
fdcdd5c8-6217-49f2-bfe3-d1e7304e69d0,de529199-d8a0-407d-a8b1-731d7cb2d4ac,vermissen,to miss,Ich vermisse meine Familie.,,,1,2.5,1,0,0,2025-09-07,2025-09-07T16:04:08.310149,2025-09-07T16:04:08.310151
9e0197ae-842d-4f23-afff-379d06b0ff78,de529199-d8a0-407d-a8b1-731d7cb2d4ac,Schweden,Sweden,Schweden ist ein skandinavisches Land.,,,1,2.5,1,0,0,2025-09-07,2025-09-07T16:04:08.310556,2025-09-07T16:04:08.310560
7f192897-cb5a-40bd-b17e-8f4b0333975f,de529199-d8a0-407d-a8b1-731d7cb2d4ac,Ungarn,Hungary,Budapest ist die Hauptstadt von Ungarn.,,,1,2.5,1,0,0,2025-09-07,2025-09-07T16:04:08.310953,2025-09-07T16:04:08.310954
a4daf0b8-29de-4f1b-91d9-8fa3c2ceca05,de529199-d8a0-407d-a8b1-731d7cb2d4ac,wählen,to choose,Du musst eine Option wählen.,,,1,2.5,1,0,0,2025-09-07,2025-09-07T16:04:08.311340,2025-09-07T16:04:08.311343
a1ac3650-d412-44a4-a1d3-1312952a4e67,de529199-d8a0-407d-a8b1-731d7cb2d4ac,die Gewöhnung,habit,Rauchen ist eine schlechte Gewöhnung.,,,1,2.5,1,0,0,2025-09-07,2025-09-07T16:04:08.311722,2025-09-07T16:04:08.311724
f3181b94-0937-4c23-8542-f2b14fa51231,de529199-d8a0-407d-a8b1-731d7cb2d4ac,die Nachricht,message,Ich habe eine Nachricht von dir erhalten.,,,1,2.5,1,0,0,2025-09-07,2025-09-07T16:04:08.312033,2025-09-07T16:04:08.312035
8b980d75-fa19-4f57-8018-2645e62b9287,de529199-d8a0-407d-a8b1-731d7cb2d4ac,stehlen,to steal,"Er wurde beschuldigt, ein Auto zu stehlen.",,,1,2.5,1,0,0,2025-09-07,2025-09-07T16:04:08.312499,2025-09-07T16:04:08.312500
805dc1a6-2db1-4ea5-b682-7a403b1f310d,de529199-d8a0-407d-a8b1-731d7cb2d4ac,vorbereitet,prepared,Ich bin auf die Prüfung gut vorbereitet.,,,1,2.5,1,0,0,2025-09-07,2025-09-07T16:04:08.312807,2025-09-07T16:04:08.312809
616deb81-40ee-4552-ade8-e4c52a8863b4,de529199-d8a0-407d-a8b1-731d7cb2d4ac,die Prüfung bestehen,to pass the exam,"Ich hoffe, ich werde die Prüfung bestehen.",,,1,2.5,1,0,0,2025-09-07,2025-09-07T16:04:08.313154,2025-09-07T16:04:08.313156
6b522af9-6e4e-46c9-8af7-ddf5d5617ea8,de529199-d8a0-407d-a8b1-731d7cb2d4ac,die Tätigkeit,activity,Seine tägliche Tätigkeit ist das Schreiben.,,,1,2.5,1,0,0,2025-09-07,2025-09-07T16:04:08.313482,2025-09-07T16:04:08.313484
7b428787-f85e-4a7d-96c2-37a5da337c61,de529199-d8a0-407d-a8b1-731d7cb2d4ac,die Taube,pigeon,Die Taube saß auf dem Dach.,,,1,2.5,1,0,0,2025-09-07,2025-09-07T16:04:08.313788,2025-09-07T16:04:08.313790
098d8367-0755-470e-8aaa-36a92057386f,de529199-d8a0-407d-a8b1-731d7cb2d4ac,schätzen,to appreciate,Ich schätze deine Hilfe sehr.,,,1,2.5,1,0,0,2025-09-07,2025-09-07T16:04:08.314082,2025-09-07T16:04:08.314083
b691d6ce-92a0-4d62-b2ba-fbeba56c0166,de529199-d8a0-407d-a8b1-731d7cb2d4ac,müde,tired,Ich bin sehr müde und möchte schlafen.,,,1,2.5,1,0,0,2025-09-07,2025-09-07T16:04:08.314381,2025-09-07T16:04:08.314383
677154b8-5814-4cd0-871d-1e189c286e58,de529199-d8a0-407d-a8b1-731d7cb2d4ac,die Steuer,tax,Jeder Bürger muss Steuern zahlen.,,,1,2.5,1,0,0,2025-09-07,2025-09-07T16:04:08.314686,2025-09-07T16:04:08.314687
90654673-73a6-4a5e-934d-9d0d500efe6a,de529199-d8a0-407d-a8b1-731d7cb2d4ac,bestehen,to pass,Er hat die Prüfung bestanden.,,,1,2.5,1,0,0,2025-09-07,2025-09-07T16:04:08.315049,2025-09-07T16:04:08.315051
934cc908-48bd-47db-bb0a-5425a3598316,de529199-d8a0-407d-a8b1-731d7cb2d4ac,die Lösung,solution,Wir haben eine Lösung für das Problem gefunden.,,,1,2.5,1,0,0,2025-09-07,2025-09-07T16:04:08.315341,2025-09-07T16:04:08.315342
49b0b54d-c2c0-43a2-9544-c1a9d7206a2a,de529199-d8a0-407d-a8b1-731d7cb2d4ac,abgeben,to hand in,Die Studenten müssen ihre Arbeiten morgen abgeben.,,,1,2.5,1,0,0,2025-09-07,2025-09-07T16:04:08.315621,2025-09-07T16:04:08.315623
2ac86f67-f1e5-4fe0-8848-45d1635c29e9,de529199-d8a0-407d-a8b1-731d7cb2d4ac,das Vorurteil,prejudice,Wir sollten keine Vorurteile gegenüber anderen haben.,,,1,2.5,1,0,0,2025-09-07,2025-09-07T16:04:08.315897,2025-09-07T16:04:08.315898
6261679b-d9b0-448b-b698-f69ed71051db,de529199-d8a0-407d-a8b1-731d7cb2d4ac,das Unternehmen,company,Er arbeitet für ein großes Unternehmen.,,,1,2.5,1,0,0,2025-09-07,2025-09-07T16:04:08.316173,2025-09-07T16:04:08.316175
b277f16a-b5c1-434c-8d39-5a964c60f9e8,de529199-d8a0-407d-a8b1-731d7cb2d4ac,umziehen,to move house,Nächstes Jahr werden wir in eine neue Stadt umziehen.,,,1,2.5,1,0,0,2025-09-07,2025-09-07T16:04:08.316536,2025-09-07T16:04:08.316539
40f8dca0-6740-42d8-8013-cf802bc8a7fa,de529199-d8a0-407d-a8b1-731d7cb2d4ac,das Werkzeug,tool,Ein Hammer ist ein nützliches Werkzeug.,,,1,2.5,1,0,0,2025-09-07,2025-09-07T16:04:08.316880,2025-09-07T16:04:08.316882
81d33053-d5f3-4dec-94e7-e493529987a9,de529199-d8a0-407d-a8b1-731d7cb2d4ac,der Betrug,fraud,Er wurde wegen Betrugs verurteilt.,,,1,2.5,1,0,0,2025-09-07,2025-09-07T16:04:08.317194,2025-09-07T16:04:08.317196
29ac1266-a7fa-4c20-96d9-644d3742806e,de529199-d8a0-407d-a8b1-731d7cb2d4ac,anschließend,afterwards,Wir gehen ins Kino und anschließend essen.,,,1,2.5,1,0,0,2025-09-07,2025-09-07T16:04:08.317501,2025-09-07T16:04:08.317503
1753253d-dd09-4fdf-a19b-fb2ea7ae664a,de529199-d8a0-407d-a8b1-731d7cb2d4ac,das Zelt,tent,Wir schliefen im Zelt auf dem Campingplatz.,,,1,2.5,1,0,0,2025-09-07,2025-09-07T16:04:08.317794,2025-09-07T16:04:08.317796
c71e64ca-89ec-4351-88a4-2479952de9b5,de529199-d8a0-407d-a8b1-731d7cb2d4ac,das Lagerfeuer,campfire,Am Abend saßen wir am Lagerfeuer.,,,1,2.5,1,0,0,2025-09-07,2025-09-07T16:04:08.318115,2025-09-07T16:04:08.318117
20fb676f-38af-455f-a7db-8143dbfefc47,de529199-d8a0-407d-a8b1-731d7cb2d4ac,begleiten,to accompany,Kann ich dich nach Hause begleiten?,,,1,2.5,1,0,0,2025-09-07,2025-09-07T16:04:08.318491,2025-09-07T16:04:08.318493
9ecdec69-2a93-46ac-baf8-471e3d89291e,de529199-d8a0-407d-a8b1-731d7cb2d4ac,schaffen,to manage,"Ich bin sicher, du wirst es schaffen.",,,1,2.5,1,0,0,2025-09-07,2025-09-07T16:04:08.318884,2025-09-07T16:04:08.318886
f4634551-4030-4b68-b846-3310e8d11c1d,de529199-d8a0-407d-a8b1-731d7cb2d4ac,bestimmt,definitely,Das ist bestimmt die richtige Antwort.,,,1,2.5,1,0,0,2025-09-07,2025-09-07T16:04:08.319344,2025-09-07T16:04:08.319346
152a0ded-ff82-4700-960a-4996101ab0d4,de529199-d8a0-407d-a8b1-731d7cb2d4ac,verbunden mit,associated with,Dieses Ereignis ist mit vielen Erinnerungen verbunden.,,,1,2.5,1,0,0,2025-09-07,2025-09-07T16:04:08.319746,2025-09-07T16:04:08.319748
6af80eac-f8b5-4c3a-8ce1-03ac95e46c37,de529199-d8a0-407d-a8b1-731d7cb2d4ac,der Austausch,exchange,Der kulturelle Austausch zwischen den Ländern ist wichtig.,,,1,2.5,1,0,0,2025-09-07,2025-09-07T16:04:08.320141,2025-09-07T16:04:08.320144
60c64a16-373c-45b4-9248-70d4079ea48f,de529199-d8a0-407d-a8b1-731d7cb2d4ac,ausgeben,to spend,Ich möchte nicht zu viel Geld ausgeben.,,,1,2.5,1,0,0,2025-09-07,2025-09-07T16:04:08.320537,2025-09-07T16:04:08.320539
00c0a3a6-688b-4246-a98c-06c6fbdf3401,de529199-d8a0-407d-a8b1-731d7cb2d4ac,her,ago,Das ist schon lange her.,,,1,2.5,1,0,0,2025-09-07,2025-09-07T16:04:08.321003,2025-09-07T16:04:08.321006
444e6895-c766-4765-8cc5-6ebaf675a404,de529199-d8a0-407d-a8b1-731d7cb2d4ac,beschäftigt,busy,Ich bin heute sehr beschäftigt.,,,1,2.5,1,0,0,2025-09-07,2025-09-07T16:04:08.321563,2025-09-07T16:04:08.321566
274cbdf5-aec3-4eec-a98e-ad154a581e01,de529199-d8a0-407d-a8b1-731d7cb2d4ac,entwickeln,to develop,Wir müssen neue Strategien entwickeln.,,,1,2.5,1,0,0,2025-09-07,2025-09-07T16:04:08.321947,2025-09-07T16:04:08.321948
8f51254c-3f6e-45ad-b7d4-262e223a40a2,de529199-d8a0-407d-a8b1-731d7cb2d4ac,enttäuschen,to disappoint,Ich will dich nicht enttäuschen.,,,1,2.5,1,0,0,2025-09-07,2025-09-07T16:04:08.322328,2025-09-07T16:04:08.322329
beef62a1-47f2-4a48-83d1-22bf32204dd6,de529199-d8a0-407d-a8b1-731d7cb2d4ac,die Stimmung,mood,Die Stimmung auf der Party war großartig.,,,1,2.5,1,0,0,2025-09-07,2025-09-07T16:04:08.322699,2025-09-07T16:04:08.322701
44049d41-cac6-4b67-aad1-057020fab2f4,de529199-d8a0-407d-a8b1-731d7cb2d4ac,verantwortlich für,responsible for,Er ist für das Projekt verantwortlich.,,,1,2.5,1,0,0,2025-09-07,2025-09-07T16:04:08.323067,2025-09-07T16:04:08.323069
fa700105-2a73-46c0-9df4-893f4b841c47,de529199-d8a0-407d-a8b1-731d7cb2d4ac,ausziehen,to move out,Sie ist letzten Monat aus der Wohnung ausgezogen.,,,1,2.5,1,0,0,2025-09-07,2025-09-07T16:04:08.323436,2025-09-07T16:04:08.323438
5f7c01dc-0823-4e0f-b502-976944dbdde2,de529199-d8a0-407d-a8b1-731d7cb2d4ac,herrschen,to rule,Der König herrschte über ein großes Reich.,,,1,2.5,1,0,0,2025-09-07,2025-09-07T16:04:08.323812,2025-09-07T16:04:08.323814
c5a26fbc-916d-48ce-b406-28bf2f213fe1,de529199-d8a0-407d-a8b1-731d7cb2d4ac,beherrschen,to master,Sie beherrscht mehrere Sprachen.,,,1,2.5,1,0,0,2025-09-07,2025-09-07T16:04:08.324184,2025-09-07T16:04:08.324186
c2c6f56b-ef91-410c-837a-07b5362a3ebf,de529199-d8a0-407d-a8b1-731d7cb2d4ac,vorschriftswidrig,against the rules,Das Parken hier ist vorschriftswidrig.,,,1,2.5,1,0,0,2025-09-07,2025-09-07T16:04:08.324554,2025-09-07T16:04:08.324556
1317bf76-3861-44d0-9cf6-05321602adeb,de529199-d8a0-407d-a8b1-731d7cb2d4ac,sicherlich,certainly,Er wird sicherlich pünktlich sein.,,,1,2.5,1,0,0,2025-09-07,2025-09-07T16:04:08.324930,2025-09-07T16:04:08.324931
d743156d-9d3c-477c-972a-6d39465d7d3c,de529199-d8a0-407d-a8b1-731d7cb2d4ac,erreichen,to reach,Wir werden unser Ziel bald erreichen.,,,1,2.5,1,0,0,2025-09-07,2025-09-07T16:04:08.325299,2025-09-07T16:04:08.325301
e275be94-09b4-4968-905a-81b2d6db13fa,de529199-d8a0-407d-a8b1-731d7cb2d4ac,die Lieferung,delivery,Die Lieferung kommt morgen an.,,,1,2.5,1,0,0,2025-09-07,2025-09-07T16:04:08.325667,2025-09-07T16:04:08.325669
3fa8d454-c9ee-4bf8-a6e5-bfae5a5093c0,de529199-d8a0-407d-a8b1-731d7cb2d4ac,der Lieferant,supplier,Der Lieferant brachte die bestellten Waren.,,,1,2.5,1,0,0,2025-09-07,2025-09-07T16:04:08.326036,2025-09-07T16:04:08.326038
c6aa8b27-34ad-4add-8c97-a2ef28877614,de529199-d8a0-407d-a8b1-731d7cb2d4ac,der Unterschied,difference,Was ist der Unterschied zwischen diesen beiden Wörtern?,,,1,2.5,1,0,0,2025-09-07,2025-09-07T16:04:08.326408,2025-09-07T16:04:08.326410
40c89c87-873f-47b7-b83e-fc92fa1a81fa,de529199-d8a0-407d-a8b1-731d7cb2d4ac,die Regierung,government,Die Regierung hat neue Gesetze erlassen.,,,1,2.5,1,0,0,2025-09-07,2025-09-07T16:04:08.326780,2025-09-07T16:04:08.326781
97e19302-37c7-4d09-bd97-c6e537ce9a10,de529199-d8a0-407d-a8b1-731d7cb2d4ac,faul,lazy,Am Sonntag bin ich oft faul.,,,1,2.5,1,0,0,2025-09-07,2025-09-07T16:04:08.327150,2025-09-07T16:04:08.327152
4e202619-ea5d-4379-8a7e-5b2bb9891763,de529199-d8a0-407d-a8b1-731d7cb2d4ac,es kommt darauf an,it depends,"Ob wir gehen, kommt darauf an, wie das Wetter ist.",,,1,2.5,1,0,0,2025-09-07,2025-09-07T16:04:08.327518,2025-09-07T16:04:08.327520
2ddad9f2-8c85-403b-9fe3-297513ef1f92,de529199-d8a0-407d-a8b1-731d7cb2d4ac,glauben,to believe,"Ich glaube, dass alles gut wird.",,,1,2.5,1,0,0,2025-09-07,2025-09-07T16:04:08.327888,2025-09-07T16:04:08.327890
bb5434be-8640-4a45-a9a5-f9b020cdc029,de529199-d8a0-407d-a8b1-731d7cb2d4ac,die Erde,Earth,Die Erde ist unser Heimatplanet.,,,1,2.5,1,0,0,2025-09-07,2025-09-07T16:04:08.328169,2025-09-07T16:04:08.328171
66e2a1b2-02b1-45cf-84ea-25b3cd3751e4,de529199-d8a0-407d-a8b1-731d7cb2d4ac,sich vorbereiten,to prepare oneself,Ich muss mich auf das Interview vorbereiten.,,,1,2.5,1,0,0,2025-09-07,2025-09-07T16:04:08.328440,2025-09-07T16:04:08.328442
8845c340-5185-417d-ad6b-ab21f04e5703,de529199-d8a0-407d-a8b1-731d7cb2d4ac,die Verändern,to change,Wir müssen unsere Pläne verändern.,,,1,2.5,1,0,0,2025-09-07,2025-09-07T16:04:08.328722,2025-09-07T16:04:08.328723
779c6616-0760-4b42-95c5-17b4e21a34dd,de529199-d8a0-407d-a8b1-731d7cb2d4ac,die Wahrheit,truth,Sag mir die Wahrheit.,,,1,2.5,1,0,0,2025-09-07,2025-09-07T16:04:08.328992,2025-09-07T16:04:08.328993
ff7daade-fecf-4fb5-adaa-8afe61b9a259,de529199-d8a0-407d-a8b1-731d7cb2d4ac,das Gebäude,building,Das ist ein sehr hohes Gebäude.,,,1,2.5,1,0,0,2025-09-07,2025-09-07T16:04:08.329499,2025-09-07T16:04:08.329502
5793594e-eba5-4500-90e0-bc960bb7217c,de529199-d8a0-407d-a8b1-731d7cb2d4ac,die Zeitverschwendung,waste of time,Stundenlanges Fernsehen ist Zeitverschwendung.,,,1,2.5,1,0,0,2025-09-07,2025-09-07T16:04:08.329834,2025-09-07T16:04:08.329835
210eb275-5fda-40ec-b42c-3275bc5c3a90,de529199-d8a0-407d-a8b1-731d7cb2d4ac,kämpfen,to fight,Die Soldaten kämpfen für ihr Land.,,,1,2.5,1,0,0,2025-09-07,2025-09-07T16:04:08.330215,2025-09-07T16:04:08.330217
ea0e6bd7-f870-4286-8f4b-024762b0e0cf,de529199-d8a0-407d-a8b1-731d7cb2d4ac,billig,cheap,Diese Schuhe waren sehr billig.,,,1,2.5,1,0,0,2025-09-07,2025-09-07T16:04:08.330544,2025-09-07T16:04:08.330546
e5c2a66d-8484-4916-81df-4404e0f29fd9,de529199-d8a0-407d-a8b1-731d7cb2d4ac,günstig,affordable,Das Hotel war günstig und gut.,,,1,2.5,1,0,0,2025-09-07,2025-09-07T16:04:08.330844,2025-09-07T16:04:08.330845
ea1b8c5c-0c90-4cca-aee9-ea84cc7cbaeb,de529199-d8a0-407d-a8b1-731d7cb2d4ac,entscheiden,to decide,"Ich kann mich nicht entscheiden, was ich essen soll.",,,1,2.5,1,0,0,2025-09-07,2025-09-07T16:04:08.331131,2025-09-07T16:04:08.331132
1024f402-f483-4934-bc75-0b901751c6f2,de529199-d8a0-407d-a8b1-731d7cb2d4ac,das Dorf,village,Sie lebt in einem kleinen Dorf auf dem Land.,,,1,2.5,1,0,0,2025-09-07,2025-09-07T16:04:08.331413,2025-09-07T16:04:08.331415
a3bf00b8-dc54-4c59-83b1-73ef245b1d6c,de529199-d8a0-407d-a8b1-731d7cb2d4ac,die Blumen giesen,to water the flowers,Ich muss heute die Blumen giesen.,,,1,2.5,1,0,0,2025-09-07,2025-09-07T16:04:08.331694,2025-09-07T16:04:08.331696
388b61fc-d524-4825-88d4-c8f51c67a606,de529199-d8a0-407d-a8b1-731d7cb2d4ac,die Strecke,route,Die Strecke ist 10 Kilometer lang.,,,1,2.5,1,0,0,2025-09-07,2025-09-07T16:04:08.332100,2025-09-07T16:04:08.332104
de1e41c8-54af-4c7e-8359-af362c0da1cd,de529199-d8a0-407d-a8b1-731d7cb2d4ac,langweilig,boring,Der Film war sehr langweilig.,,,1,2.5,1,0,0,2025-09-07,2025-09-07T16:04:08.332501,2025-09-07T16:04:08.332503
3311d85b-c4e5-4757-8f26-9ce9705bd08c,de529199-d8a0-407d-a8b1-731d7cb2d4ac,im Vergleich,in comparison,Im Vergleich zu gestern ist es heute wärmer.,,,1,2.5,1,0,0,2025-09-07,2025-09-07T16:04:08.332840,2025-09-07T16:04:08.332842
5f9f0247-a2f1-42b6-9297-f704dde21732,de529199-d8a0-407d-a8b1-731d7cb2d4ac,das Hemd,shirt,Er trägt ein weißes Hemd.,,,1,2.5,1,0,0,2025-09-07,2025-09-07T16:04:08.333184,2025-09-07T16:04:08.333186
b2546ab5-9931-4c1e-9508-d1267b8a4d49,de529199-d8a0-407d-a8b1-731d7cb2d4ac,einnutzen/einsätzen,to implement,Wir müssen die neue Software einsetzen.,,,1,2.5,1,0,0,2025-09-07,2025-09-07T16:04:08.333507,2025-09-07T16:04:08.333509
3c02db9f-2585-40ae-97cc-58d8e178db48,de529199-d8a0-407d-a8b1-731d7cb2d4ac,die Verantwortung,responsibility,Eltern haben eine große Verantwortung für ihre Kinder.,,,1,2.5,1,0,0,2025-09-07,2025-09-07T16:04:08.333820,2025-09-07T16:04:08.333821
bcb95349-3f23-4194-8f93-33ee9a2c87b8,de529199-d8a0-407d-a8b1-731d7cb2d4ac,dreckig,dirty,Deine Schuhe sind dreckig.,,,1,2.5,1,0,0,2025-09-07,2025-09-07T16:04:08.334174,2025-09-07T16:04:08.334176
2d713277-cf7a-4671-96d9-a05e8992fe04,de529199-d8a0-407d-a8b1-731d7cb2d4ac,sich wagen,to dare,"Er wagt es nicht, die Wahrheit zu sagen.",,,1,2.5,1,0,0,2025-09-07,2025-09-07T16:04:08.334540,2025-09-07T16:04:08.334542
a53f1157-44aa-4226-afd6-6cad7cccae79,de529199-d8a0-407d-a8b1-731d7cb2d4ac,unterschiedlich,different,Wir haben unterschiedliche Meinungen.,,,1,2.5,1,0,0,2025-09-07,2025-09-07T16:04:08.334890,2025-09-07T16:04:08.334892
466eb0ab-74d6-4b69-b2e1-35f18351a470,de529199-d8a0-407d-a8b1-731d7cb2d4ac,verlieren,to lose,Ich will dieses Spiel nicht verlieren.,,,1,2.5,1,0,0,2025-09-07,2025-09-07T16:04:08.335260,2025-09-07T16:04:08.335262
c6d8bf15-87cb-4c6c-b91d-136f2d77a2b8,de529199-d8a0-407d-a8b1-731d7cb2d4ac,eigene Firma,own company,Er hat seine eigene Firma gegründet.,,,1,2.5,1,0,0,2025-09-07,2025-09-07T16:04:08.335615,2025-09-07T16:04:08.335617
a880d08c-78f6-42b7-bfcc-6469fcd019e4,de529199-d8a0-407d-a8b1-731d7cb2d4ac,das Eigentum,property,Dieses Haus ist mein Eigentum.,,,1,2.5,1,0,0,2025-09-07,2025-09-07T16:04:08.335966,2025-09-07T16:04:08.335968
c04a0231-3e3b-43f4-ab1b-b3e222005190,de529199-d8a0-407d-a8b1-731d7cb2d4ac,das Aussehen,appearance,Das Aussehen ist nicht alles.,,,1,2.5,1,0,0,2025-09-07,2025-09-07T16:04:08.336328,2025-09-07T16:04:08.336331
9f11548e-883d-4f6e-8e27-4751835769b0,de529199-d8a0-407d-a8b1-731d7cb2d4ac,woauchimmer,wherever,"Woauchimmer du hingest, ich werde dir folgen.",,,1,2.5,1,0,0,2025-09-07,2025-09-07T16:04:08.336785,2025-09-07T16:04:08.336787
81d24b92-c304-4ced-9629-86d140c28ecc,de529199-d8a0-407d-a8b1-731d7cb2d4ac,aufregend,exciting,Die Reise war sehr aufregend.,,,1,2.5,1,0,0,2025-09-07,2025-09-07T16:04:08.337173,2025-09-07T16:04:08.337175
b0a5c836-d230-4867-9f47-b3402cbacf9a,de529199-d8a0-407d-a8b1-731d7cb2d4ac,bar zahlen,to pay in cash,Ich möchte bitte bar zahlen.,,,1,2.5,1,0,0,2025-09-07,2025-09-07T16:04:08.337565,2025-09-07T16:04:08.337567
457bfb9c-30c7-42c1-84e2-59ffb722686f,de529199-d8a0-407d-a8b1-731d7cb2d4ac,das Gesetz,law,Man muss sich an das Gesetz halten.,,,1,2.5,1,0,0,2025-09-07,2025-09-07T16:04:08.338094,2025-09-07T16:04:08.338102
2b859f38-6920-4150-ae9f-9081ed69a491,de529199-d8a0-407d-a8b1-731d7cb2d4ac,die Meisten,most,Die meisten Leute mögen Pizza.,,,1,2.5,1,0,0,2025-09-07,2025-09-07T16:04:08.338530,2025-09-07T16:04:08.338532
b6b2a323-ce58-41a4-9c07-ea59122818d5,de529199-d8a0-407d-a8b1-731d7cb2d4ac,dick,fat,Die Katze ist ein bisschen zu dick.,,,1,2.5,1,0,0,2025-09-07,2025-09-07T16:04:08.338898,2025-09-07T16:04:08.338899
24806a48-acf2-48b8-b673-ed38a30e6b4d,de529199-d8a0-407d-a8b1-731d7cb2d4ac,reich,rich,Er ist ein sehr reicher Mann.,,,1,2.5,1,0,0,2025-09-07,2025-09-07T16:04:08.339268,2025-09-07T16:04:08.339270
8c795c55-b97b-4688-a318-3c89f0b6f2ee,de529199-d8a0-407d-a8b1-731d7cb2d4ac,sparen,to save,Ich spare Geld für ein neues Auto.,,,1,2.5,1,0,0,2025-09-07,2025-09-07T16:04:08.339617,2025-09-07T16:04:08.339619
00e8d05e-3848-474a-9eab-5a870d023edc,de529199-d8a0-407d-a8b1-731d7cb2d4ac,die Karte,map,"Wir brauchen eine Karte, um den Weg zu finden.",,,1,2.5,1,0,0,2025-09-07,2025-09-07T16:04:08.340112,2025-09-07T16:04:08.340115
89cde09c-4d23-4645-a521-471eb516f96a,de529199-d8a0-407d-a8b1-731d7cb2d4ac,die Brille,glasses,Ich brauche eine Brille zum Lesen.,,,1,2.5,1,0,0,2025-09-07,2025-09-07T16:04:08.340546,2025-09-07T16:04:08.340549
991ab95c-a048-423e-9d22-67af0ab50652,de529199-d8a0-407d-a8b1-731d7cb2d4ac,die Kreuzung,intersection,An der nächsten Kreuzung müssen wir links abbiegen.,,,1,2.5,1,0,0,2025-09-07,2025-09-07T16:04:08.340921,2025-09-07T16:04:08.340922
2e2de3de-778e-4409-97b1-fc7dc14fc41f,de529199-d8a0-407d-a8b1-731d7cb2d4ac,entlang,along,Wir gingen den Fluss entlang.,,,1,2.5,1,0,0,2025-09-07,2025-09-07T16:04:08.341283,2025-09-07T16:04:08.341285
33ceaa19-736f-4795-88e4-b3b2c61406c9,de529199-d8a0-407d-a8b1-731d7cb2d4ac,der Fluss,river,Der Rhein ist ein großer Fluss in Deutschland.,,,1,2.5,1,0,0,2025-09-07,2025-09-07T16:04:08.341635,2025-09-07T16:04:08.341637
021f628a-a13e-4a25-ba6e-0611cb43774e,de529199-d8a0-407d-a8b1-731d7cb2d4ac,das Gefängnis,prison,Der Dieb wurde ins Gefängnis geschickt.,,,1,2.5,1,0,0,2025-09-07,2025-09-07T16:04:08.342005,2025-09-07T16:04:08.342007
9f9afbd8-68a4-4869-8d7c-81616d02b62d,de529199-d8a0-407d-a8b1-731d7cb2d4ac,das Amt,office,Ich muss morgen zum Amt gehen.,,,1,2.5,1,0,0,2025-09-07,2025-09-07T16:04:08.342363,2025-09-07T16:04:08.342366
4c86d585-34d3-43b1-a0df-a8249eda5e7d,de529199-d8a0-407d-a8b1-731d7cb2d4ac,anfordern,to request,Sie können weitere Informationen per E-Mail anfordern.,,,1,2.5,1,0,0,2025-09-07,2025-09-07T16:04:08.342718,2025-09-07T16:04:08.342720
422073a7-88b9-47b1-9439-aafea5ad9fc7,de529199-d8a0-407d-a8b1-731d7cb2d4ac,spülen,to wash,Bitte spül das Geschirr.,,,1,2.5,1,0,0,2025-09-07,2025-09-07T16:04:08.343067,2025-09-07T16:04:08.343069
9468c46f-1aa9-4ea3-bf8e-9f02526d0b9b,de529199-d8a0-407d-a8b1-731d7cb2d4ac,trocknen,to dry,Ich muss meine Haare trocknen.,,,1,2.5,1,0,0,2025-09-07,2025-09-07T16:04:08.343408,2025-09-07T16:04:08.343411
abae4c79-7441-4d9d-97c1-83a198488e50,de529199-d8a0-407d-a8b1-731d7cb2d4ac,bestechen,to bribe,"Es ist illegal, einen Beamten zu bestechen.",,,1,2.5,1,0,0,2025-09-07,2025-09-07T16:04:08.343762,2025-09-07T16:04:08.343764
ab79dc79-bee4-4b0f-a012-5c8b7f4c85a6,de529199-d8a0-407d-a8b1-731d7cb2d4ac,beide,both,Beide Antworten sind richtig.,,,1,2.5,1,0,0,2025-09-07,2025-09-07T16:04:08.344108,2025-09-07T16:04:08.344110
058add5c-7340-499e-9086-e74362242c81,de529199-d8a0-407d-a8b1-731d7cb2d4ac,der Umzug,the move,Der Umzug in die neue Wohnung war anstrengend.,,,1,2.5,1,0,0,2025-09-07,2025-09-07T16:04:08.344623,2025-09-07T16:04:08.344625
ac5797c7-7232-47f0-8fae-d3913939c38a,de529199-d8a0-407d-a8b1-731d7cb2d4ac,borgen,to borrow,Kann ich mir dein Buch borgen?,,,1,2.5,1,0,0,2025-09-07,2025-09-07T16:04:08.345050,2025-09-07T16:04:08.345053
ab07ac83-1ec2-4ca1-aabf-f1eb01f29d93,de529199-d8a0-407d-a8b1-731d7cb2d4ac,die Entscheidung,decision,Das war eine schwierige Entscheidung.,,,1,2.5,1,0,0,2025-09-07,2025-09-07T16:04:08.345454,2025-09-07T16:04:08.345457
0dfe3c65-9d3b-4a4e-b91e-baa420eed1f0,de529199-d8a0-407d-a8b1-731d7cb2d4ac,sicher,safe,In dieser Stadt fühle ich mich sicher.,,,1,2.5,1,0,0,2025-09-07,2025-09-07T16:04:08.345909,2025-09-07T16:04:08.345911
3f0528ba-e86d-47c7-a3c9-792de862cffc,de529199-d8a0-407d-a8b1-731d7cb2d4ac,ruhig,calm,"Bitte sei ruhig, das Baby schläft.",,,1,2.5,1,0,0,2025-09-07,2025-09-07T16:04:08.346256,2025-09-07T16:04:08.346257
52363050-ede2-4276-b860-5e50d14d0822,de529199-d8a0-407d-a8b1-731d7cb2d4ac,ansprechen,to address someone,Er hat mich auf der Straße angesprochen.,,,1,2.5,1,0,0,2025-09-07,2025-09-07T16:04:08.346611,2025-09-07T16:04:08.346613
f94e69fe-3928-465a-9e9c-3e89e077939f,de529199-d8a0-407d-a8b1-731d7cb2d4ac,der Fall,case,Das ist ein komplizierter Fall.,,,1,2.5,1,0,0,2025-09-07,2025-09-07T16:04:08.346954,2025-09-07T16:04:08.346956
32768b19-9cb1-4b9c-a0db-76d140d707fa,de529199-d8a0-407d-a8b1-731d7cb2d4ac,die Werbung,advertisement,Ich sehe nicht gerne Werbung im Fernsehen.,,,1,2.5,1,0,0,2025-09-07,2025-09-07T16:04:08.347289,2025-09-07T16:04:08.347291
1ee54998-c515-42f7-896e-626a918895e3,de529199-d8a0-407d-a8b1-731d7cb2d4ac,gewöhnt,used to,Ich bin an das kalte Wetter gewöhnt.,,,1,2.5,1,0,0,2025-09-07,2025-09-07T16:04:08.347619,2025-09-07T16:04:08.347621
d4e6cc7a-c0a3-4aec-beb0-5bd3e6c91e9b,de529199-d8a0-407d-a8b1-731d7cb2d4ac,die Wirtschaft,economy,Die Wirtschaft des Landes wächst.,,,1,2.5,1,0,0,2025-09-07,2025-09-07T16:04:08.347953,2025-09-07T16:04:08.347955
23bb6185-cb65-4c44-82cb-36d94a9c92a6,de529199-d8a0-407d-a8b1-731d7cb2d4ac,die Sonnenstrahlen,sunbeams,Die Sonnenstrahlen wärmen mein Gesicht.,,,1,2.5,1,0,0,2025-09-07,2025-09-07T16:04:08.348286,2025-09-07T16:04:08.348288
670e1f79-2f44-4c7d-bf8f-498663587d39,de529199-d8a0-407d-a8b1-731d7cb2d4ac,der Stiefel,boot,Ich brauche neue Stiefel für den Winter.,,,1,2.5,1,0,0,2025-09-07,2025-09-07T16:04:08.348615,2025-09-07T16:04:08.348617
c3e199f4-5aa0-49c1-8235-7db93948062f,de529199-d8a0-407d-a8b1-731d7cb2d4ac,der Mond,moon,Der Mond scheint heute Nacht hell.,,,1,2.5,1,0,0,2025-09-07,2025-09-07T16:04:08.348967,2025-09-07T16:04:08.348969
b3e20196-0cf1-4f07-b8c5-2804a218032b,de529199-d8a0-407d-a8b1-731d7cb2d4ac,gegenüber,opposite,Die Bank ist gegenüber dem Supermarkt.,,,1,2.5,1,0,0,2025-09-07,2025-09-07T16:04:08.349298,2025-09-07T16:04:08.349300
2c97ebb4-b682-4066-a06e-3898baf92e6e,de529199-d8a0-407d-a8b1-731d7cb2d4ac,aufmerksam,attentive,Die Schüler hörten dem Lehrer aufmerksam zu.,,,1,2.5,1,0,0,2025-09-07,2025-09-07T16:04:08.349629,2025-09-07T16:04:08.349631
af9fe722-27bd-47a3-8858-49960f7332d9,de529199-d8a0-407d-a8b1-731d7cb2d4ac,der Herrscher,ruler,Der Herrscher war bei seinem Volk sehr beliebt.,,,1,2.5,1,0,0,2025-09-07,2025-09-07T16:04:08.349970,2025-09-07T16:04:08.349972
51710294-01ca-4903-8737-6c377ef2cc21,de529199-d8a0-407d-a8b1-731d7cb2d4ac,das Königreich,kingdom,Der König regierte über ein großes Königreich.,,,1,2.5,1,0,0,2025-09-07,2025-09-07T16:04:08.350302,2025-09-07T16:04:08.350304
e284b34a-f4ed-4aa2-a9c7-6e43ec654388,de529199-d8a0-407d-a8b1-731d7cb2d4ac,der Angriff,attack,Der Angriff kam unerwartet.,,,1,2.5,1,0,0,2025-09-07,2025-09-07T16:04:08.350650,2025-09-07T16:04:08.350652
5aab808a-28d4-4f55-99fe-253a3e29b37b,de529199-d8a0-407d-a8b1-731d7cb2d4ac,auswählen,to select,Du kannst ein Buch aus der Liste auswählen.,,,1,2.5,1,0,0,2025-09-07,2025-09-07T16:04:08.350992,2025-09-07T16:04:08.350993
9beaada1-2b35-441b-9a35-fb4a72ef615c,de529199-d8a0-407d-a8b1-731d7cb2d4ac,die Feder,feather,Der Vogel hat eine Feder verloren.,,,1,2.5,1,0,0,2025-09-07,2025-09-07T16:04:08.351317,2025-09-07T16:04:08.351319
2b896753-43a0-4698-b94b-9cb9b570e2f9,de529199-d8a0-407d-a8b1-731d7cb2d4ac,der Gegner,opponent,Er war ein fairer Gegner im Wettkampf.,,,1,2.5,1,0,0,2025-09-07,2025-09-07T16:04:08.351660,2025-09-07T16:04:08.351662
fb8c4ccd-d912-4c1a-960a-7888d2caabf1,de529199-d8a0-407d-a8b1-731d7cb2d4ac,mächtig,powerful,Der König war ein sehr mächtiger Mann.,,,1,2.5,1,0,0,2025-09-07,2025-09-07T16:04:08.352101,2025-09-07T16:04:08.352103
477b640a-bfc0-407b-bdac-60848b299329,de529199-d8a0-407d-a8b1-731d7cb2d4ac,zeigen,to show,Kannst du mir den Weg zum Bahnhof zeigen?,,,1,2.5,1,0,0,2025-09-07,2025-09-07T16:04:08.352471,2025-09-07T16:04:08.352473
94cbd406-fde5-4d4d-86d5-56a07af90ae8,de529199-d8a0-407d-a8b1-731d7cb2d4ac,abnehmen,to lose weight,Ich möchte ein paar Kilo abnehmen.,,,1,2.5,1,0,0,2025-09-07,2025-09-07T16:04:08.352795,2025-09-07T16:04:08.352797
37189810-517b-482b-b349-74219b5bf8fa,de529199-d8a0-407d-a8b1-731d7cb2d4ac,die Süsigkeiten,sweets,Kinder essen gerne Süsigkeiten.,,,1,2.5,1,0,0,2025-09-07,2025-09-07T16:04:08.353200,2025-09-07T16:04:08.353203
23953d2b-abe1-43a0-ae8e-4dc835af4ac0,de529199-d8a0-407d-a8b1-731d7cb2d4ac,das Merkmal,feature,Ein wichtiges Merkmal dieses Autos ist seine Sicherheit.,,,1,2.5,1,0,0,2025-09-07,2025-09-07T16:04:08.353622,2025-09-07T16:04:08.353624
0c95b7b1-6206-4f71-a328-d664a6b6610d,de529199-d8a0-407d-a8b1-731d7cb2d4ac,teilen,to share,Wir sollten den Kuchen teilen.,,,1,2.5,1,0,0,2025-09-07,2025-09-07T16:04:08.353978,2025-09-07T16:04:08.353980
13fed2fa-d332-47b2-b5b0-d3835ae09621,de529199-d8a0-407d-a8b1-731d7cb2d4ac,das Einzelkind,only child,Als Einzelkind hatte sie keine Geschwister.,,,1,2.5,1,0,0,2025-09-07,2025-09-07T16:04:08.354533,2025-09-07T16:04:08.354535
bc106ebb-511d-402a-b10a-9eafde7b6171,de529199-d8a0-407d-a8b1-731d7cb2d4ac,die Ausgabe,expense,Wir müssen unsere Ausgaben reduzieren.,,,1,2.5,1,0,0,2025-09-07,2025-09-07T16:04:08.354972,2025-09-07T16:04:08.354975
6920f4aa-8b96-43c8-a7bd-7d43d4306e0d,de529199-d8a0-407d-a8b1-731d7cb2d4ac,ersetzen,to replace,Wir müssen die alte Batterie ersetzen.,,,1,2.5,1,0,0,2025-09-07,2025-09-07T16:04:08.355323,2025-09-07T16:04:08.355324
9746b752-8df8-446f-bc65-96f2074bfada,de529199-d8a0-407d-a8b1-731d7cb2d4ac,die Gesundheit,health,Gesundheit ist das wichtigste Gut.,,,1,2.5,1,0,0,2025-09-07,2025-09-07T16:04:08.355655,2025-09-07T16:04:08.355656
332827ca-e303-4e91-b653-22586849df9d,de529199-d8a0-407d-a8b1-731d7cb2d4ac,die Studie,study,Eine neue Studie zeigt die Vorteile von Sport.,,,1,2.5,1,0,0,2025-09-07,2025-09-07T16:04:08.356007,2025-09-07T16:04:08.356009
15adc767-889e-4f38-9200-db7d6b2fceb6,de529199-d8a0-407d-a8b1-731d7cb2d4ac,schließen,to close,Bitte schließ die Tür.,,,1,2.5,1,0,0,2025-09-07,2025-09-07T16:04:08.356329,2025-09-07T16:04:08.356333
ff927643-a4b1-4775-80bd-7cd128a1b67b,de529199-d8a0-407d-a8b1-731d7cb2d4ac,der Sinn,sense,Was ist der Sinn des Lebens?,,,1,2.5,1,0,0,2025-09-07,2025-09-07T16:04:08.356655,2025-09-07T16:04:08.356657
46bbf3c4-1f26-497c-b0fd-3b41aea98ab1,de529199-d8a0-407d-a8b1-731d7cb2d4ac,die Hochzeit,wedding,Ihre Hochzeit war ein wunderschönes Fest.,,,1,2.5,1,0,0,2025-09-07,2025-09-07T16:04:08.356981,2025-09-07T16:04:08.356982
88a3804c-5aa6-4951-b17e-7a931ad80dfb,de529199-d8a0-407d-a8b1-731d7cb2d4ac,aufnehmen,to record,Ich möchte dieses Lied aufnehmen.,,,1,2.5,1,0,0,2025-09-07,2025-09-07T16:04:08.357306,2025-09-07T16:04:08.357307
b50c7f01-612b-4a74-bd9a-78a39880329b,de529199-d8a0-407d-a8b1-731d7cb2d4ac,die Fahne,flag,Die deutsche Fahne ist schwarz-rot-gold.,,,1,2.5,1,0,0,2025-09-07,2025-09-07T16:04:08.357764,2025-09-07T16:04:08.357771
dc0ecda4-6dff-4be5-86f9-64f6dfbf7d6d,de529199-d8a0-407d-a8b1-731d7cb2d4ac,das Wappen,coat of arms,Jedes Land hat sein eigenes Wappen.,,,1,2.5,1,0,0,2025-09-07,2025-09-07T16:04:08.358220,2025-09-07T16:04:08.358222
978dcf1a-6f8a-4764-8723-0d63aa8c11f3,de529199-d8a0-407d-a8b1-731d7cb2d4ac,der Adler,eagle,Der Adler ist ein majestätischer Vogel.,,,1,2.5,1,0,0,2025-09-07,2025-09-07T16:04:08.358567,2025-09-07T16:04:08.358569
e6e3e0c3-ccf1-4989-b104-2fcc9186658f,de529199-d8a0-407d-a8b1-731d7cb2d4ac,der Spiegel,mirror,Sie schaute in den Spiegel.,,,1,2.5,1,0,0,2025-09-07,2025-09-07T16:04:08.358923,2025-09-07T16:04:08.358925
2200eb70-1427-43b2-b8cf-152a3d0d7d27,de529199-d8a0-407d-a8b1-731d7cb2d4ac,genug,enough,Ich habe genug Geld.,,,1,2.5,1,0,0,2025-09-07,2025-09-07T16:04:08.359240,2025-09-07T16:04:08.359242
1891a537-68f3-4f43-926e-1bbfbc5454a8,de529199-d8a0-407d-a8b1-731d7cb2d4ac,gießen,to pour,Kannst du mir bitte Wasser ins Glas gießen?,,,1,2.5,1,0,0,2025-09-07,2025-09-07T16:04:08.359566,2025-09-07T16:04:08.359568
abd8dc4b-8ac0-4f5a-9c83-bc8b65bd04e2,de529199-d8a0-407d-a8b1-731d7cb2d4ac,die Tasse,cup,Ich trinke eine Tasse Tee.,,,1,2.5,1,0,0,2025-09-07,2025-09-07T16:04:08.359910,2025-09-07T16:04:08.359912
e2ed3c5e-0811-491c-be4a-fd4bdddacdeb,de529199-d8a0-407d-a8b1-731d7cb2d4ac,nun,now,Was sollen wir nun tun?,,,1,2.5,1,0,0,2025-09-07,2025-09-07T16:04:08.360227,2025-09-07T16:04:08.360229
3d5fbf31-89ba-43ec-b0d8-cdee94439923,de529199-d8a0-407d-a8b1-731d7cb2d4ac,der Zuschauer,spectator,Die Zuschauer applaudierten begeistert.,,,1,2.5,1,0,0,2025-09-07,2025-09-07T16:04:08.360609,2025-09-07T16:04:08.360611
f54f5167-aa7f-491b-a445-389cf4db79ef,de529199-d8a0-407d-a8b1-731d7cb2d4ac,das Weltall,space,Astronauten fliegen ins Weltall.,,,1,2.5,1,0,0,2025-09-07,2025-09-07T16:04:08.360951,2025-09-07T16:04:08.360953
694a968e-de07-4781-a94a-6ee424959e8e,de529199-d8a0-407d-a8b1-731d7cb2d4ac,zerstören,to destroy,Das Feuer hat das ganze Haus zerstört.,,,1,2.5,1,0,0,2025-09-07,2025-09-07T16:04:08.361283,2025-09-07T16:04:08.361285
d647ae72-5d6a-4a02-a6fe-3f5e10dbcc42,de529199-d8a0-407d-a8b1-731d7cb2d4ac,die Börse,stock exchange,Die Kurse an der Börse sind gefallen.,,,1,2.5,1,0,0,2025-09-07,2025-09-07T16:04:08.361635,2025-09-07T16:04:08.361636
5b8522ee-b611-4022-8a04-7b9d31ccfc7d,de529199-d8a0-407d-a8b1-731d7cb2d4ac,aufwachsen,to grow up,Ich bin auf dem Land aufgewachsen.,,,1,2.5,1,0,0,2025-09-07,2025-09-07T16:04:08.361980,2025-09-07T16:04:08.361982
8fa8abdd-c9f0-47e3-b713-284ac98cb632,de529199-d8a0-407d-a8b1-731d7cb2d4ac,auftreten,to appear,Die Band wird heute Abend live auftreten.,,,1,2.5,1,0,0,2025-09-07,2025-09-07T16:04:08.362297,2025-09-07T16:04:08.362299
d6051e11-6dc1-44ae-9de3-babcfd834ab0,de529199-d8a0-407d-a8b1-731d7cb2d4ac,der Lohn,wage,Er bekommt einen guten Lohn für seine Arbeit.,,,1,2.5,1,0,0,2025-09-07,2025-09-07T16:04:08.362621,2025-09-07T16:04:08.362623
66c2357f-e79b-4796-805e-1f78d7969d01,de529199-d8a0-407d-a8b1-731d7cb2d4ac,die Vorlesung,lecture,Die Vorlesung des Professors war sehr interessant.,,,1,2.5,1,0,0,2025-09-07,2025-09-07T16:04:08.362941,2025-09-07T16:04:08.362943
4025b44e-bf93-4a84-8492-b72a4cbfec0b,de529199-d8a0-407d-a8b1-731d7cb2d4ac,vergessen,to forget,Ich habe meinen Schlüssel vergessen.,,,1,2.5,1,0,0,2025-09-07,2025-09-07T16:04:08.363267,2025-09-07T16:04:08.363268
9ce583b2-6a7e-4c0c-af55-b83397fed344,de529199-d8a0-407d-a8b1-731d7cb2d4ac,die Seite,page,Bitte schlagen Sie Seite 20 auf.,,,1,2.5,1,0,0,2025-09-07,2025-09-07T16:04:08.363605,2025-09-07T16:04:08.363607
bbd3cb54-d4fe-428d-a134-f4c128a658ec,de529199-d8a0-407d-a8b1-731d7cb2d4ac,ins schleudern geraten,to skid,Das Auto geriet auf der glatten Straße ins Schleudern.,,,1,2.5,1,0,0,2025-09-07,2025-09-07T16:04:08.363938,2025-09-07T16:04:08.363940
4a25efea-9bf2-425c-b662-a6e686252da9,de529199-d8a0-407d-a8b1-731d7cb2d4ac,die Haube,bonnet,Der Motor befindet sich unter der Haube.,,,1,2.5,1,0,0,2025-09-07,2025-09-07T16:04:08.364274,2025-09-07T16:04:08.364276
0c313a9c-62bb-4b97-a4ce-13f784353f27,de529199-d8a0-407d-a8b1-731d7cb2d4ac,leisten,to afford,Das kann ich mir nicht leisten.,,,1,2.5,1,0,0,2025-09-07,2025-09-07T16:04:08.364602,2025-09-07T16:04:08.364604
4316ae9b-05ec-4f84-b934-8f8a886812bb,de529199-d8a0-407d-a8b1-731d7cb2d4ac,die Einstellung,attitude,Er hat eine positive Einstellung zum Leben.,,,1,2.5,1,0,0,2025-09-07,2025-09-07T16:04:08.364935,2025-09-07T16:04:08.364937
73407294-1306-4910-87a5-7c1778a566bb,de529199-d8a0-407d-a8b1-731d7cb2d4ac,eintreten,to enter,Bitte treten Sie ein.,,,1,2.5,1,0,0,2025-09-07,2025-09-07T16:04:08.365338,2025-09-07T16:04:08.365340
23327e18-c4f3-45f3-946d-da14ff73c0d3,de529199-d8a0-407d-a8b1-731d7cb2d4ac,das Ziel,goal,"Unser Ziel ist es, das Projekt bis Freitag abzuschließen.",,,1,2.5,1,0,0,2025-09-07,2025-09-07T16:04:08.365733,2025-09-07T16:04:08.365735
b33f6750-b54b-428a-881f-6c4a71772d9f,de529199-d8a0-407d-a8b1-731d7cb2d4ac,gründen,to found,Er hat eine neue Firma gegründet.,,,1,2.5,1,0,0,2025-09-07,2025-09-07T16:04:08.366357,2025-09-07T16:04:08.366359
1dee0516-8735-4945-ab74-8d9dadff4874,de529199-d8a0-407d-a8b1-731d7cb2d4ac,Vor- und Nachteil,advantage and disadvantage,Jede Sache hat ihre Vor- und Nachteile.,,,1,2.5,1,0,0,2025-09-07,2025-09-07T16:04:08.366819,2025-09-07T16:04:08.366821
9483b0fa-6acb-45ac-a60b-5e84fc36dafb,de529199-d8a0-407d-a8b1-731d7cb2d4ac,die Sehenswürdigkeit,sightseeing attraction,Das Brandenburger Tor ist eine berühmte Sehenswürdigkeit.,,,1,2.5,1,0,0,2025-09-07,2025-09-07T16:04:08.367294,2025-09-07T16:04:08.367295
ca6fb63c-2713-47f2-baa5-9ed6a411bde2,de529199-d8a0-407d-a8b1-731d7cb2d4ac,beissen,to bite,Der Hund hat mich gebissen.,,,1,2.5,1,0,0,2025-09-07,2025-09-07T16:04:08.367957,2025-09-07T16:04:08.367959
d196a97b-e6c9-45d7-b054-ae96b4c49367,de529199-d8a0-407d-a8b1-731d7cb2d4ac,verbessern,to improve,Ich möchte mein Deutsch verbessern.,,,1,2.5,1,0,0,2025-09-07,2025-09-07T16:04:08.368518,2025-09-07T16:04:08.368520
b96673eb-2862-4cbe-98bf-891a574ada9a,de529199-d8a0-407d-a8b1-731d7cb2d4ac,nicht ausreichend,insufficient,Seine Kenntnisse sind für diese Aufgabe nicht ausreichend.,,,1,2.5,1,0,0,2025-09-07,2025-09-07T16:04:08.369024,2025-09-07T16:04:08.369026
d208cc14-925d-46c9-9adc-04d0c1787625,de529199-d8a0-407d-a8b1-731d7cb2d4ac,verursachen,to cause,Der Sturm hat große Schäden verursacht.,,,1,2.5,1,0,0,2025-09-07,2025-09-07T16:04:08.369367,2025-09-07T16:04:08.369369
f390e186-55da-496e-91d7-83f3f2595125,de529199-d8a0-407d-a8b1-731d7cb2d4ac,die Wahrscheinlichkeit,probability,"Die Wahrscheinlichkeit, im Lotto zu gewinnen, ist sehr gering.",,,1,2.5,1,0,0,2025-09-07,2025-09-07T16:04:08.369686,2025-09-07T16:04:08.369688
75fb1dec-aea7-41b4-b2a6-4a13fa56c3c0,de529199-d8a0-407d-a8b1-731d7cb2d4ac,das Gehirn,brain,Das Gehirn ist das Zentrum des Nervensystems.,,,1,2.5,1,0,0,2025-09-07,2025-09-07T16:04:08.370076,2025-09-07T16:04:08.370079
4a89817c-0284-4a4c-91c6-7782dcd3199d,de529199-d8a0-407d-a8b1-731d7cb2d4ac,dumm,stupid,Das war eine dumme Frage.,,,1,2.5,1,0,0,2025-09-07,2025-09-07T16:04:08.370406,2025-09-07T16:04:08.370408
4210a708-ebec-4b0d-96d9-500c9e6d2f53,de529199-d8a0-407d-a8b1-731d7cb2d4ac,nutzlos,useless,Dieses alte Handy ist nutzlos.,,,1,2.5,1,0,0,2025-09-07,2025-09-07T16:04:08.371013,2025-09-07T16:04:08.371015
a6ae41dc-cd25-4791-ac34-ba6845d99061,de529199-d8a0-407d-a8b1-731d7cb2d4ac,die Frage,question,Haben Sie eine Frage?,,,1,2.5,1,0,0,2025-09-07,2025-09-07T16:04:08.371483,2025-09-07T16:04:08.371485
85bf5249-2fdc-4674-97a7-e6873dab4a32,de529199-d8a0-407d-a8b1-731d7cb2d4ac,vorhaben,to plan,Was hast du am Wochenende vor?,,,1,2.5,1,0,0,2025-09-07,2025-09-07T16:04:08.372283,2025-09-07T16:04:08.372315
f799ae6a-ad05-4160-a2a3-b2e836531809,de529199-d8a0-407d-a8b1-731d7cb2d4ac,anbieten,to offer,Darf ich Ihnen einen Kaffee anbieten?,,,1,2.5,1,0,0,2025-09-07,2025-09-07T16:04:08.372791,2025-09-07T16:04:08.372793
058af108-6d5c-40bd-9d46-76e5026b40ae,de529199-d8a0-407d-a8b1-731d7cb2d4ac,ein Behälter,container,Dieser Behälter ist für Lebensmittel.,,,1,2.5,1,0,0,2025-09-07,2025-09-07T16:04:08.373139,2025-09-07T16:04:08.373141
c672f45a-be9b-43e7-a7ab-d9a7928fee0c,de529199-d8a0-407d-a8b1-731d7cb2d4ac,der Becher,cup,Er trinkt aus einem Plastikbecher.,,,1,2.5,1,0,0,2025-09-07,2025-09-07T16:04:08.373640,2025-09-07T16:04:08.373642
bb761f37-1ccd-480b-ae3c-b4cbb782baab,de529199-d8a0-407d-a8b1-731d7cb2d4ac,das Gerät,device,Dieses Gerät ist sehr einfach zu bedienen.,,,1,2.5,1,0,0,2025-09-07,2025-09-07T16:04:08.374024,2025-09-07T16:04:08.374026
9e8aeb25-a7b3-4546-b29c-f53e5efded35,de529199-d8a0-407d-a8b1-731d7cb2d4ac,das Getränk,drink,Was ist dein Lieblingsgetränk?,,,1,2.5,1,0,0,2025-09-07,2025-09-07T16:04:08.374412,2025-09-07T16:04:08.374436
932cb3cc-65ec-4b82-b089-70c25587045f,de529199-d8a0-407d-a8b1-731d7cb2d4ac,die Bohne,bean,Ich esse gerne grüne Bohnen.,,,1,2.5,1,0,0,2025-09-07,2025-09-07T16:04:08.374883,2025-09-07T16:04:08.374885
3f7d07b0-83f8-4fb2-aa38-829f6021c097,de529199-d8a0-407d-a8b1-731d7cb2d4ac,die Stimme,voice,Sie hat eine wunderschöne Stimme.,,,1,2.5,1,0,0,2025-09-07,2025-09-07T16:04:08.375311,2025-09-07T16:04:08.375313
e544388c-3b6b-406c-96b7-30daa27981cb,de529199-d8a0-407d-a8b1-731d7cb2d4ac,die Aufnahme,recording,Die Aufnahmequalität ist sehr gut.,,,1,2.5,1,0,0,2025-09-07,2025-09-07T16:04:08.375647,2025-09-07T16:04:08.375649
f5265c30-0c8b-499c-8128-2bfbf5322d35,de529199-d8a0-407d-a8b1-731d7cb2d4ac,überzeugt,convinced,"Ich bin überzeugt, dass das die richtige Entscheidung ist.",,,1,2.5,1,0,0,2025-09-07,2025-09-07T16:04:08.375970,2025-09-07T16:04:08.375971
26f226f5-460c-490f-9259-94ec5d54cd44,de529199-d8a0-407d-a8b1-731d7cb2d4ac,peinlich,embarrassing,Das war eine sehr peinliche Situation.,,,1,2.5,1,0,0,2025-09-07,2025-09-07T16:04:08.376336,2025-09-07T16:04:08.376339
e802c972-46b9-4d3f-bf29-3a72b058ba81,de529199-d8a0-407d-a8b1-731d7cb2d4ac,die Verwechslung,mix-up,Es muss eine Verwechslung vorliegen.,,,1,2.5,1,0,0,2025-09-07,2025-09-07T16:04:08.376781,2025-09-07T16:04:08.376783
238412ce-ad2a-4d19-9742-6b3a09945a2c,de529199-d8a0-407d-a8b1-731d7cb2d4ac,erwarten,to expect,Ich erwarte einen Anruf von ihm.,,,1,2.5,1,0,0,2025-09-07,2025-09-07T16:04:08.377121,2025-09-07T16:04:08.377123
c39ebc50-e932-4296-8d0b-0f62db3b8db9,de529199-d8a0-407d-a8b1-731d7cb2d4ac,die Umwelt,environment,Wir müssen unsere Umwelt schützen.,,,1,2.5,1,0,0,2025-09-07,2025-09-07T16:04:08.377450,2025-09-07T16:04:08.377452
d9c9a46a-51a1-4ef8-b9ad-2fe7ee81ca5b,de529199-d8a0-407d-a8b1-731d7cb2d4ac,sich anpassen,to adapt,Man muss sich an neue Situationen anpassen können.,,,1,2.5,1,0,0,2025-09-07,2025-09-07T16:04:08.377796,2025-09-07T16:04:08.377798
ff39e33c-ff8c-412d-8600-33b683ec13e9,de529199-d8a0-407d-a8b1-731d7cb2d4ac,in der Lage sein,to be able,"Ich bin nicht in der Lage, das zu tun.",,,1,2.5,1,0,0,2025-09-07,2025-09-07T16:04:08.378177,2025-09-07T16:04:08.378179
5ee0fdf3-986d-4dc6-8d84-90b8352a5cad,de529199-d8a0-407d-a8b1-731d7cb2d4ac,etw. zusätsliches,something additional,Möchten Sie etwas Zusätzliches bestellen?,,,1,2.5,1,0,0,2025-09-07,2025-09-07T16:04:08.378545,2025-09-07T16:04:08.378547
81e3250c-b962-427e-a414-3935b8e3b4fd,de529199-d8a0-407d-a8b1-731d7cb2d4ac,heben,to lift,"Kannst du mir helfen, diesen schweren Tisch zu heben?",,,1,2.5,1,0,0,2025-09-07,2025-09-07T16:04:08.378955,2025-09-07T16:04:08.378957
2d885ef1-47f2-4a38-8041-aa0e93a34ae1,de529199-d8a0-407d-a8b1-731d7cb2d4ac,zumindest,at least,Er hätte zumindest anrufen können.,,,1,2.5,1,0,0,2025-09-07,2025-09-07T16:04:08.379292,2025-09-07T16:04:08.379293
